received_date,page_path,page_title,is_page_first_day,page_views,unique_visitors
2023-08-05,/t/plotting-non-time-series-on-x-axis/70913,Plotting Non Time series on X Axis - Grafana / Time Series Panel - Grafana Labs Community Forums,false,6,6
2023-08-05,/t/plugin-has-a-modified-signature/88685,Plugin has a modified signature - Grafana Plugin Development / Signing & publishing - Grafana Labs Community Forums,false,1,1
2023-08-05,/t/plugin-not-found-no-installed-plugin-with-that-id/26646,"Plugin not found, no installed plugin with that id - Grafana - Grafana Labs Community Forums",false,2,2
2023-08-05,/t/plugin-ping-telegraf-legend-avg-percent-packet-loss-wrong-value-in-graph-panel/29251,"[Plugin Ping Telegraf] - Legend avg ""percent_packet_loss"" wrong value in graph panel - Grafana / Time Series Panel - Grafana Labs Community Forums",false,1,1
2023-08-05,/t/plugins-folder-ownership/15837,Plugins folder ownership - General - Grafana Labs Community Forums,false,1,1
2023-08-05,/t/plugins-with-grafana-grafana-docker/2153,Plugins with grafana/grafana docker - General - Grafana Labs Community Forums,false,1,1
2023-08-05,/t/podman-containers-ran-by-systemd-as-user-units/73811,Podman containers ran by systemd as user units - Grafana Loki - Grafana Labs Community Forums,false,1,1
2023-08-05,/t/polar-plot-support-in-grafana/22439,Polar plot support in Grafana? - Grafana Plugin Development - Grafana Labs Community Forums,false,1,1
2023-08-05,/t/polystat-to-monitor-ping-to-devices/68586,Polystat to monitor ping to devices - Grafana / Dashboards - Grafana Labs Community Forums,false,3,1
2023-08-05,/t/possibility-to-get-current-date-in-query/75136,Possibility to get current date in query - Grafana / Configuration - Grafana Labs Community Forums,false,1,1
2023-08-05,/t/possibility-to-place-templates-on-a-dashboard-at-a-different-location/11100,Possibility to place Templates on a dashboard at a different location? - General - Grafana Labs Community Forums,false,1,1
