page_path,next_page_path,page_views
/t/opentelemetry-collector-with-loki/57815,/docs/grafana-cloud/monitor-applications/application-observability/setup/collector/opentelemetry-collector/,11
/t/where-grafana-stores-dashboards/54945,Session Exit,216
/t/connection-with-csv/85496,/docs/grafana/latest/setup-grafana/configure-grafana/,155
/t/using-the-interval-or-interval-in-panel-title/5612,/t/visualize-time-picker-time-range-in-table-title/80683,12
/t/export-to-excel-csv/28973,Session Exit,2700
/t/why-buckets-error/110106,Session Exit,13
/t/how-to-add-multiple-servers-to-single-dashboard/28050,Session Exit,148
/t/grafana-sso-auth-generic-oauth-login-failed-login-provider-didnt-return-an-email-address/20985,Session Exit,61
/t/display-difference-of-two-values-of-query-result/47428,Session Exit,51
/t/convert-epoch-metric-to-datetime/101086/6,Session Exit,23
/t/how-to-change-localhost-to-hostname-in-alerts/81655,/t/grafana-10-0-2-modify-alert-message/101132,18
