page_path,prev_page_path,page_views
/t/can-we-add-two-data-sources-in-the-same-panel/71577,Session Start,1723
/t/transform-data-binary-operation-is-not-working/115993,Session Start,35
/t/what-regex-flavor-used-by-grafana/71175,Session Start,431
/t/only-display-values-over-a-certain-threshold/3545,Session Start,723
/t/using-a-dashboard-variable-in-table-panel-filter-data-by-values-transformation/60638,Session Start,1569
/t/display-wind-direction-with-apache-echart-plugin/84628,Session Start,81
/t/html-panel-refresh/4031,Session Start,46
/t/time-series-shifted-one-hour-cet-vs-utc/61666,Session Start,253
/t/compare-data-betweens-yesterday-and-today/105903,Session Start,168
/t/auth0-authentication-support/4875,Session Start,28
/t/maximum-of-series-500-reached-for-a-single-query/64117,Session Start,484
